project,status,capacity_mw,river,basin,latitude,longitude,source_note
Uri-I,Operational,480,Jhelum,Jhelum / Indus,34.08,74.03,CEA hydro profile
Uri-II,Operational,240,Jhelum,Jhelum / Indus,34.09,74.04,CEA hydro profile
Lower Jhelum,Operational,105,Jhelum,Jhelum / Indus,34.20,74.35,CEA hydro profile
Upper Sindh-II & Extension,Operational,105,Sindh Nallah,Jhelum / Indus,34.05,74.58,CEA hydro profile
Kishenganga,Operational,330,Kishanganga,Jhelum / Indus,34.63,74.88,CEA hydro profile
Dulhasti,Operational,390,Chenab,Chenab / Indus,33.65,76.00,CEA hydro profile
Salal I & II,Operational,690,Chenab,Chenab / Indus,33.12,74.83,CEA hydro profile
Baglihar-I,Operational,450,Chenab,Chenab / Indus,33.13,75.18,CEA hydro profile
Baglihar-II,Operational,450,Chenab,Chenab / Indus,33.14,75.19,CEA hydro profile
Sewa-II,Operational,120,Sewa,Ravi / Indus,32.65,75.53,CEA hydro profile
Pakal Dul,Under Construction,1000,Marusudar,Chenab / Indus,33.65,76.05,CEA + NHPC
Parnai,Under Construction,37.5,Suran / Parnai,Jhelum / Indus,33.77,74.09,CEA hydro profile; river naming normalized
Kiru,Under Construction,624,Chenab,Chenab / Indus,33.55,76.02,CEA + NHPC
Ratle,Under Construction,850,Chenab,Chenab / Indus,33.30,75.90,CEA + NHPC
Kwar,Under Construction,540,Chenab,Chenab / Indus,33.48,76.08,CEA + NHPC
Uri-I Stage-II,Under Construction,240,Jhelum,Jhelum / Indus,34.08,74.03,CEA + NHPC
Dulhasti Stage-II,Under Construction,260,Chenab,Chenab / Indus,33.66,76.01,CEA + NHPC
