project,province_region,district_area,status,solar_type,capacity_mw,latitude,longitude,source_url,source_note
"Quaid-e-Azam Solar Power Plant, Bahawalpur",Punjab,Bahawalpur,Operational,Utility-scale solar PV,100.0,29.3956,71.6836,https://energy.punjab.gov.pk/projects,Punjab Energy Department lists a 100 MW project; QASP has larger phased/park capacity references.
Quaid-e-Azam Solar Park — Zonergy blocks,Punjab,Bahawalpur,Operational,Utility-scale solar PV,300.0,29.3956,71.6836,https://energy.punjab.gov.pk/projects,Punjab Energy Department lists three 100 MW COD entries.
Zhenfa Solar Project,Punjab,Bahawalpur,Operational / source-listed,Utility-scale solar PV,100.0,29.3956,71.6836,https://energy.punjab.gov.pk/projects,Listed by Punjab Energy Department.
Solarization of 24 tertiary hospitals & 6 Daanish schools,Punjab,Multiple districts,Implementation,Public-sector solar PV,21.119,31.5204,74.3587,https://energy.punjab.gov.pk/node/169,Published aggregate solar PV capacity across 24 hospitals and 6 schools.
"Solarization of 15,000 schools and 2,000 BHUs",Punjab,Punjab-wide,Program,Distributed solar,,31.5204,74.3587,https://energy.punjab.gov.pk/projects,Program record; aggregate MW not stated on cited page.
600 MWp Muzaffargarh Solar PV Project,Punjab,Muzaffargarh,Competitive-bidding / proposed,Utility-scale solar PV,600.0,30.0754,71.1921,https://nepra.org.pk/news.php,NEPRA public-hearing notice for AEDB RFP.
Helios Solar,Sindh,Sukkur,Operational / source-listed,Utility-scale solar PV,50.0,27.7244,68.8228,https://www.ppib.gov.pk/upcomming_ipps.html,PPIB/official planning records list Helios at Sukkur.
Meridian Solar,Sindh,Sukkur,Operational / source-listed,Utility-scale solar PV,50.0,27.7244,68.8228,https://www.ppib.gov.pk/upcomming_ipps.html,PPIB/official planning records list Meridian at Sukkur.
HNDS Solar,Sindh,Sukkur,Operational / source-listed,Utility-scale solar PV,50.0,27.7244,68.8228,https://www.ppib.gov.pk/upcomming_ipps.html,PPIB/official planning records list HNDS at Sukkur.
50 MW Manjhand Solar PV Power Plant,Sindh,Jamshoro,Proposed / competitive bidding,Utility-scale solar PV,50.0,25.926,67.9029,https://nepra.org.pk/news.php,NEPRA public-hearing notice for Government of Sindh project.
Siachen Energy Ltd Solar,Sindh,"Mirpur Sakro, Thatta",Upcoming,Utility-scale solar PV,100.0,24.547,67.724,https://www.ppib.gov.pk/upcomming_ipps.html,PPIB upcoming-project portfolio as of 30 Jun 2026.
Agriculture Tubewell Solarization Program,Sindh,Sindh-wide,Program,Agricultural distributed PV,,26.0,68.0,https://www.pc.gov.pk/uploads/downloads/Schemes%20approved%20by%20CDWP%20%26%20ECNEC%202024.pdf,"Federal program covers Punjab, Sindh, KP and Balochistan; aggregate target is 100,000 tubewells nationally."
Facilitation to Solar IPPs,Khyber Pakhtunkhwa,KP-wide,Ongoing pipeline,Private solar IPPs,249.5,34.0151,71.5249,https://pedokp.gov.pk/wp-content/uploads/2024/04/KP_Power_Sector_Business_Plan.pdf,PEDO business plan portfolio total.
Electrification of Villages — solar,Khyber Pakhtunkhwa,KP-wide,Completed / portfolio,Distributed solar,2.0,34.0151,71.5249,https://pedokp.gov.pk/wp-content/uploads/2024/04/KP_Power_Sector_Business_Plan.pdf,PEDO portfolio total.
Installation of Mini Grids,Khyber Pakhtunkhwa,KP-wide,Ongoing,Solar mini-grids,1.3,34.0151,71.5249,https://pedokp.gov.pk/wp-content/uploads/2024/04/KP_Power_Sector_Business_Plan.pdf,PEDO portfolio total.
Solarization of Schools & Primary Health Facilities,Khyber Pakhtunkhwa,KP-wide,Ongoing,Public-sector solar PV,12.0,34.0151,71.5249,https://pedokp.gov.pk/wp-content/uploads/2024/04/KP_Power_Sector_Business_Plan.pdf,PEDO portfolio total.
"Solarization of 4,000 Masajid",Khyber Pakhtunkhwa,KP-wide,Ongoing,Distributed solar,7.08,34.0151,71.5249,https://pedokp.gov.pk/wp-content/uploads/2024/04/KP_Power_Sector_Business_Plan.pdf,PEDO portfolio total.
Agriculture Tubewell Solarization Program,Khyber Pakhtunkhwa,KP-wide,Program,Agricultural distributed PV,,34.0151,71.5249,https://www.pc.gov.pk/uploads/downloads/Schemes%20approved%20by%20CDWP%20%26%20ECNEC%202024.pdf,Federal program covers KP.
LIEDA Solarization Project,Balochistan,Hub,Planned / PSDP 2025-26,Industrial-estate solarization,50.0,25.028,66.8808,https://energy.balochistan.gov.pk/?p=1581,Balochistan Energy Department lists 50 MW.
QITE Solarization Project,Balochistan,Quetta,Planned / PSDP 2025-26,Industrial-estate solarization,20.0,30.1798,66.975,https://energy.balochistan.gov.pk/?p=1581,Balochistan Energy Department lists 20 MW.
GIEDA Solarization Project,Balochistan,Gwadar,Planned / PSDP 2025-26,Industrial-estate solarization,10.0,25.1264,62.3225,https://energy.balochistan.gov.pk/?p=1581,Balochistan Energy Department lists 10 MW.
Bostan SEZ Solarization Project,Balochistan,Bostan,Planned / PSDP 2025-26,Industrial-estate solarization,5.0,30.1667,67.0167,https://energy.balochistan.gov.pk/?p=1581,Balochistan Energy Department lists 5 MW.
Chaghi Mining Area Solarization Project,Balochistan,Chaghi,Planned / PSDP 2025-26,Mining-area solarization,50.0,29.3,64.4167,https://energy.balochistan.gov.pk/?p=1581,Balochistan Energy Department lists 50 MW.
Roshan Balochistan — Solarization Phase I,Balochistan,Province-wide,Ongoing,Off-grid solar,,30.1798,66.975,https://energy.balochistan.gov.pk/wp-content/uploads/2024/12/ENERGY_PSDP_2024-25.pdf,PSDP project; cited source does not state aggregate MW.
"15,000 Solar Home Systems",Balochistan,Province-wide,Program / implementation,Solar home systems,,30.1798,66.975,https://energy.balochistan.gov.pk/?p=1047,"Energy Department reports 15,000 home solar systems under a grant-in-aid program."
Agriculture Tubewell Solarization Program,Balochistan,Province-wide,Program,Agricultural distributed PV,,30.1798,66.975,https://www.pc.gov.pk/uploads/downloads/Schemes%20approved%20by%20CDWP%20%26%20ECNEC%202024.pdf,Federal program covers Balochistan.
100 MW Distributed Solar PV Plants at Various Sites,Gilgit-Baltistan,Multiple districts,Under development / priority,Distributed + utility-scale solar PV,100.0,35.92,74.308,https://pc.gov.pk/web/press/get_press/1742,Official Planning Commission update: rooftop and utility-scale components.
Solar Energy Systems for 64 Basic Health Units,Azad Jammu & Kashmir,Multiple districts,Approved / implementation,Public-health solar PV,,34.37,73.47,https://www.app.com.pk/domestic/ajk-dwp-approves-26-projects-worth-rs-7-384-billion/,AJK DWP approved installation for 64 BHUs; aggregate MW not stated in cited source.
Judicial Academy H-8/4 300 kW Solar System,Islamabad Capital Territory,Islamabad,Procurement / tender,Institutional on-grid solar PV,0.3,33.6938,73.0652,https://www.cda.gov.pk/public/tenders/providing-installation-of-300-kw-on-grid-solar-panel-system-judicial-academy-sector-h-84-islamabad,CDA tender for a 300 kW on-grid solar panel system.
CDA Buildings & Street Lights Solarization,Islamabad Capital Territory,Islamabad,Feasibility / proposed,Public infrastructure solarization,,33.6844,73.0479,https://www.cda.gov.pk/storage/app/public/public_notices/KEh7eW0dYYa2C85xL8AMLmbB3RREtqoil7lJB5J1.pdf,CDA board directed a feasibility study for PV installations.
